Id,Name,Gender,Email
0,Andres Prieto,M,andres.rieto@example.com
1,Özkan Korol,M,ozkan.korol@example.com
2,Pedro Ramos,M,pedro.ramos@example.com
3,Amber Davies,F,ember.davies@example.com
4,Leandro Machado,M,leandro.machado@example.com
5,Ella Barnett,F,ella.barnett@example.com